internalSampleID,lane,sequencer,Sample,sequencingStartDate,run,flowcell,seqType,GAF_Barcode1,End Product Concentration nmol/l,externalSampleID,project,contact,Sample Type,arrayFile,arrayID,capturingKit,prepKit,GAF_QC_Name,GAF_QC_Date,GAF_QC_Status,GCC_Analysis,Plates in stock - DNA sequencing (whole genome / capturing),Rejected for processing,Plates in stock - RNA sequencing,GAF_Barcode2,barcodeType,barcode,barcode2,species2
5047148,1,NB501043,71_1707_RNAPanCancer,171116,0213,AHLF5KAFXX,PE,RPI 27 ATTCCT,,RNA_001397,1707_RNAPanCancer,k.de.lange@umcg.nl,RNA,nvt,,None,Exceptional Prep kit,kim,171113,Passed,Demultiplexing Only,,,Normalized for pooling,none,RPI,ATTCCT,none,homo_sapiens|GRCh37
5047145,1,NB501043,70_1707_RNAPanCancer,171116,0213,AHLF5KAFXX,PE,RPI 25 ACTGAT,,RNA_001396,1707_RNAPanCancer,k.de.lange@umcg.nl,RNA,nvt,,None,Exceptional Prep kit,kim,171113,Passed,Demultiplexing Only,,,Normalized for pooling,none,RPI,ACTGAT,none,homo_sapiens|GRCh37
5047142,1,NB501043,69_1707_RNAPanCancer,171116,0213,AHLF5KAFXX,PE,RPI 23 GAGTGG,,RNA_001395,1707_RNAPanCancer,k.de.lange@umcg.nl,RNA,nvt,,None,Exceptional Prep kit,kim,171113,Passed,Demultiplexing Only,,,Normalized for pooling,none,RPI,GAGTGG,none,homo_sapiens|GRCh37
5047139,1,NB501043,68_1707_RNAPanCancer,171116,0213,AHLF5KAFXX,PE,RPI 22 CGTACG,,RNA_001394,1707_RNAPanCancer,k.de.lange@umcg.nl,RNA,nvt,,None,Exceptional Prep kit,kim,171113,Passed,Demultiplexing Only,,,Normalized for pooling,none,RPI,CGTACG,none,homo_sapiens|GRCh37
5047136,1,NB501043,67_1707_RNAPanCancer,171116,0213,AHLF5KAFXX,PE,RPI 21 GTTTCG,,RNA_001392,1707_RNAPanCancer,k.de.lange@umcg.nl,RNA,nvt,,None,Exceptional Prep kit,kim,171113,Passed,Demultiplexing Only,,,Normalized for pooling,none,RPI,GTTTCG,none,homo_sapiens|GRCh37
5047133,1,NB501043,66_1707_RNAPanCancer,171116,0213,AHLF5KAFXX,PE,RPI 20 GTGGCC,,RNA_001390,1707_RNAPanCancer,k.de.lange@umcg.nl,RNA,nvt,,None,Exceptional Prep kit,kim,171113,Passed,Demultiplexing Only,,,Normalized for pooling,none,RPI,GTGGCC,none,homo_sapiens|GRCh37
5047130,1,NB501043,65_1707_RNAPanCancer,171116,0213,AHLF5KAFXX,PE,RPI 19 GTGAAA,,RNA_001389,1707_RNAPanCancer,k.de.lange@umcg.nl,RNA,nvt,,None,Exceptional Prep kit,kim,171113,Passed,Demultiplexing Only,,,Normalized for pooling,none,RPI,GTGAAA,none,homo_sapiens|GRCh37
5047127,1,NB501043,64_1707_RNAPanCancer,171116,0213,AHLF5KAFXX,PE,RPI 18 GTCCGC,,RNA_001388,1707_RNAPanCancer,k.de.lange@umcg.nl,RNA,nvt,,None,Exceptional Prep kit,kim,171113,Passed,Demultiplexing Only,,,Normalized for pooling,none,RPI,GTCCGC,none,homo_sapiens|GRCh37
5047124,1,NB501043,63_1707_RNAPanCancer,171116,0213,AHLF5KAFXX,PE,RPI 16 CCGTCC,,RNA_001387,1707_RNAPanCancer,k.de.lange@umcg.nl,RNA,nvt,,None,Exceptional Prep kit,kim,171113,Passed,Demultiplexing Only,,,Normalized for pooling,none,RPI,CCGTCC,none,homo_sapiens|GRCh37
5047121,1,NB501043,62_1707_RNAPanCancer,171116,0213,AHLF5KAFXX,PE,RPI 15 ATGTCA,,RNA_001386,1707_RNAPanCancer,k.de.lange@umcg.nl,RNA,nvt,,None,Exceptional Prep kit,kim,171113,Passed,Demultiplexing Only,,,Normalized for pooling,none,RPI,ATGTCA,none,homo_sapiens|GRCh37
5047118,1,NB501043,61_1707_RNAPanCancer,171116,0213,AHLF5KAFXX,PE,RPI 14 AGTTCC,,RNA_001385,1707_RNAPanCancer,k.de.lange@umcg.nl,RNA,nvt,,None,Exceptional Prep kit,kim,171113,Passed,Demultiplexing Only,,,Normalized for pooling,none,RPI,AGTTCC,none,homo_sapiens|GRCh37
5047115,1,NB501043,60_1707_RNAPanCancer,171116,0213,AHLF5KAFXX,PE,RPI 13 AGTCAA,,RNA_001382,1707_RNAPanCancer,k.de.lange@umcg.nl,RNA,nvt,,None,Exceptional Prep kit,kim,171113,Passed,Demultiplexing Only,,,Normalized for pooling,none,RPI,AGTCAA,none,homo_sapiens|GRCh37
5047112,1,NB501043,59_1707_RNAPanCancer,171116,0213,AHLF5KAFXX,PE,RPI 12 CTTGTA,,RNA_001380,1707_RNAPanCancer,k.de.lange@umcg.nl,RNA,nvt,,None,Exceptional Prep kit,kim,171113,Passed,Demultiplexing Only,,,Normalized for pooling,none,RPI,CTTGTA,none,homo_sapiens|GRCh37
5047109,1,NB501043,58_1707_RNAPanCancer,171116,0213,AHLF5KAFXX,PE,RPI 11 GGCTAC,,RNA_001372,1707_RNAPanCancer,k.de.lange@umcg.nl,RNA,nvt,,None,Exceptional Prep kit,kim,171113,Passed,Demultiplexing Only,,,Normalized for pooling,none,RPI,GGCTAC,none,homo_sapiens|GRCh37
5047106,1,NB501043,57_1707_RNAPanCancer,171116,0213,AHLF5KAFXX,PE,RPI 10 TAGCTT,,RNA_001371,1707_RNAPanCancer,k.de.lange@umcg.nl,RNA,nvt,,None,Exceptional Prep kit,kim,171113,Passed,Demultiplexing Only,,,Normalized for pooling,none,RPI,TAGCTT,none,homo_sapiens|GRCh37
5047103,1,NB501043,56_1707_RNAPanCancer,171116,0213,AHLF5KAFXX,PE,RPI 09 GATCAG,,RNA_001370,1707_RNAPanCancer,k.de.lange@umcg.nl,RNA,nvt,,None,Exceptional Prep kit,kim,171113,Passed,Demultiplexing Only,,,Normalized for pooling,none,RPI,GATCAG,none,homo_sapiens|GRCh37
5047100,1,NB501043,55_1707_RNAPanCancer,171116,0213,AHLF5KAFXX,PE,RPI 08 ACTTGA,,RNA_001369,1707_RNAPanCancer,k.de.lange@umcg.nl,RNA,nvt,,None,Exceptional Prep kit,kim,171113,Passed,Demultiplexing Only,,,Normalized for pooling,none,RPI,ACTTGA,none,homo_sapiens|GRCh37
5047097,1,NB501043,54_1707_RNAPanCancer,171116,0213,AHLF5KAFXX,PE,RPI 07 CAGATC,,RNA_001368,1707_RNAPanCancer,k.de.lange@umcg.nl,RNA,nvt,,None,Exceptional Prep kit,kim,171113,Passed,Demultiplexing Only,,,Normalized for pooling,none,RPI,CAGATC,none,homo_sapiens|GRCh37
5047094,1,NB501043,53_1707_RNAPanCancer,171116,0213,AHLF5KAFXX,PE,RPI 05 ACAGTG,,RNA_001365,1707_RNAPanCancer,k.de.lange@umcg.nl,RNA,nvt,,None,Exceptional Prep kit,kim,171113,Passed,Demultiplexing Only,,,Normalized for pooling,none,RPI,ACAGTG,none,homo_sapiens|GRCh37
5047091,1,NB501043,52_1707_RNAPanCancer,171116,0213,AHLF5KAFXX,PE,RPI 04 TGACCA,,RNA_001364,1707_RNAPanCancer,k.de.lange@umcg.nl,RNA,nvt,,None,Exceptional Prep kit,kim,171113,Passed,Demultiplexing Only,,,Normalized for pooling,none,RPI,TGACCA,none,homo_sapiens|GRCh37
5047088,1,NB501043,51_1707_RNAPanCancer,171116,0213,AHLF5KAFXX,PE,RPI 03 TTAGGC,,RNA_001359,1707_RNAPanCancer,k.de.lange@umcg.nl,RNA,nvt,,None,Exceptional Prep kit,kim,171113,Passed,Demultiplexing Only,,,Normalized for pooling,none,RPI,TTAGGC,none,homo_sapiens|GRCh37
5047085,1,NB501043,50_1707_RNAPanCancer,171116,0213,AHLF5KAFXX,PE,RPI 02 CGATGT,,RNA_001345,1707_RNAPanCancer,k.de.lange@umcg.nl,RNA,nvt,,None,Exceptional Prep kit,kim,171113,Passed,Demultiplexing Only,,,Normalized for pooling,none,RPI,CGATGT,none,homo_sapiens|GRCh37
5047082,1,NB501043,49_1707_RNAPanCancer,171116,0213,AHLF5KAFXX,PE,RPI 01 ATCACG,,RNA_001335,1707_RNAPanCancer,k.de.lange@umcg.nl,RNA,nvt,,None,Exceptional Prep kit,kim,171113,Passed,Demultiplexing Only,,,Normalized for pooling,none,RPI,ATCACG,none,homo_sapiens|GRCh37
5047148,2,NB501043,71_1707_RNAPanCancer,171116,0213,AHLF5KAFXX,PE,RPI 27 ATTCCT,,RNA_001397,1707_RNAPanCancer,k.de.lange@umcg.nl,RNA,nvt,,None,Exceptional Prep kit,kim,171113,Passed,Demultiplexing Only,,,Normalized for pooling,none,RPI,ATTCCT,none,homo_sapiens|GRCh37
5047145,2,NB501043,70_1707_RNAPanCancer,171116,0213,AHLF5KAFXX,PE,RPI 25 ACTGAT,,RNA_001396,1707_RNAPanCancer,k.de.lange@umcg.nl,RNA,nvt,,None,Exceptional Prep kit,kim,171113,Passed,Demultiplexing Only,,,Normalized for pooling,none,RPI,ACTGAT,none,homo_sapiens|GRCh37
5047142,2,NB501043,69_1707_RNAPanCancer,171116,0213,AHLF5KAFXX,PE,RPI 23 GAGTGG,,RNA_001395,1707_RNAPanCancer,k.de.lange@umcg.nl,RNA,nvt,,None,Exceptional Prep kit,kim,171113,Passed,Demultiplexing Only,,,Normalized for pooling,none,RPI,GAGTGG,none,homo_sapiens|GRCh37
5047139,2,NB501043,68_1707_RNAPanCancer,171116,0213,AHLF5KAFXX,PE,RPI 22 CGTACG,,RNA_001394,1707_RNAPanCancer,k.de.lange@umcg.nl,RNA,nvt,,None,Exceptional Prep kit,kim,171113,Passed,Demultiplexing Only,,,Normalized for pooling,none,RPI,CGTACG,none,homo_sapiens|GRCh37
5047136,2,NB501043,67_1707_RNAPanCancer,171116,0213,AHLF5KAFXX,PE,RPI 21 GTTTCG,,RNA_001392,1707_RNAPanCancer,k.de.lange@umcg.nl,RNA,nvt,,None,Exceptional Prep kit,kim,171113,Passed,Demultiplexing Only,,,Normalized for pooling,none,RPI,GTTTCG,none,homo_sapiens|GRCh37
5047133,2,NB501043,66_1707_RNAPanCancer,171116,0213,AHLF5KAFXX,PE,RPI 20 GTGGCC,,RNA_001390,1707_RNAPanCancer,k.de.lange@umcg.nl,RNA,nvt,,None,Exceptional Prep kit,kim,171113,Passed,Demultiplexing Only,,,Normalized for pooling,none,RPI,GTGGCC,none,homo_sapiens|GRCh37
5047130,2,NB501043,65_1707_RNAPanCancer,171116,0213,AHLF5KAFXX,PE,RPI 19 GTGAAA,,RNA_001389,1707_RNAPanCancer,k.de.lange@umcg.nl,RNA,nvt,,None,Exceptional Prep kit,kim,171113,Passed,Demultiplexing Only,,,Normalized for pooling,none,RPI,GTGAAA,none,homo_sapiens|GRCh37
5047127,2,NB501043,64_1707_RNAPanCancer,171116,0213,AHLF5KAFXX,PE,RPI 18 GTCCGC,,RNA_001388,1707_RNAPanCancer,k.de.lange@umcg.nl,RNA,nvt,,None,Exceptional Prep kit,kim,171113,Passed,Demultiplexing Only,,,Normalized for pooling,none,RPI,GTCCGC,none,homo_sapiens|GRCh37
5047124,2,NB501043,63_1707_RNAPanCancer,171116,0213,AHLF5KAFXX,PE,RPI 16 CCGTCC,,RNA_001387,1707_RNAPanCancer,k.de.lange@umcg.nl,RNA,nvt,,None,Exceptional Prep kit,kim,171113,Passed,Demultiplexing Only,,,Normalized for pooling,none,RPI,CCGTCC,none,homo_sapiens|GRCh37
5047121,2,NB501043,62_1707_RNAPanCancer,171116,0213,AHLF5KAFXX,PE,RPI 15 ATGTCA,,RNA_001386,1707_RNAPanCancer,k.de.lange@umcg.nl,RNA,nvt,,None,Exceptional Prep kit,kim,171113,Passed,Demultiplexing Only,,,Normalized for pooling,none,RPI,ATGTCA,none,homo_sapiens|GRCh37
5047118,2,NB501043,61_1707_RNAPanCancer,171116,0213,AHLF5KAFXX,PE,RPI 14 AGTTCC,,RNA_001385,1707_RNAPanCancer,k.de.lange@umcg.nl,RNA,nvt,,None,Exceptional Prep kit,kim,171113,Passed,Demultiplexing Only,,,Normalized for pooling,none,RPI,AGTTCC,none,homo_sapiens|GRCh37
5047115,2,NB501043,60_1707_RNAPanCancer,171116,0213,AHLF5KAFXX,PE,RPI 13 AGTCAA,,RNA_001382,1707_RNAPanCancer,k.de.lange@umcg.nl,RNA,nvt,,None,Exceptional Prep kit,kim,171113,Passed,Demultiplexing Only,,,Normalized for pooling,none,RPI,AGTCAA,none,homo_sapiens|GRCh37
5047112,2,NB501043,59_1707_RNAPanCancer,171116,0213,AHLF5KAFXX,PE,RPI 12 CTTGTA,,RNA_001380,1707_RNAPanCancer,k.de.lange@umcg.nl,RNA,nvt,,None,Exceptional Prep kit,kim,171113,Passed,Demultiplexing Only,,,Normalized for pooling,none,RPI,CTTGTA,none,homo_sapiens|GRCh37
5047109,2,NB501043,58_1707_RNAPanCancer,171116,0213,AHLF5KAFXX,PE,RPI 11 GGCTAC,,RNA_001372,1707_RNAPanCancer,k.de.lange@umcg.nl,RNA,nvt,,None,Exceptional Prep kit,kim,171113,Passed,Demultiplexing Only,,,Normalized for pooling,none,RPI,GGCTAC,none,homo_sapiens|GRCh37
5047106,2,NB501043,57_1707_RNAPanCancer,171116,0213,AHLF5KAFXX,PE,RPI 10 TAGCTT,,RNA_001371,1707_RNAPanCancer,k.de.lange@umcg.nl,RNA,nvt,,None,Exceptional Prep kit,kim,171113,Passed,Demultiplexing Only,,,Normalized for pooling,none,RPI,TAGCTT,none,homo_sapiens|GRCh37
5047103,2,NB501043,56_1707_RNAPanCancer,171116,0213,AHLF5KAFXX,PE,RPI 09 GATCAG,,RNA_001370,1707_RNAPanCancer,k.de.lange@umcg.nl,RNA,nvt,,None,Exceptional Prep kit,kim,171113,Passed,Demultiplexing Only,,,Normalized for pooling,none,RPI,GATCAG,none,homo_sapiens|GRCh37
5047100,2,NB501043,55_1707_RNAPanCancer,171116,0213,AHLF5KAFXX,PE,RPI 08 ACTTGA,,RNA_001369,1707_RNAPanCancer,k.de.lange@umcg.nl,RNA,nvt,,None,Exceptional Prep kit,kim,171113,Passed,Demultiplexing Only,,,Normalized for pooling,none,RPI,ACTTGA,none,homo_sapiens|GRCh37
5047097,2,NB501043,54_1707_RNAPanCancer,171116,0213,AHLF5KAFXX,PE,RPI 07 CAGATC,,RNA_001368,1707_RNAPanCancer,k.de.lange@umcg.nl,RNA,nvt,,None,Exceptional Prep kit,kim,171113,Passed,Demultiplexing Only,,,Normalized for pooling,none,RPI,CAGATC,none,homo_sapiens|GRCh37
5047094,2,NB501043,53_1707_RNAPanCancer,171116,0213,AHLF5KAFXX,PE,RPI 05 ACAGTG,,RNA_001365,1707_RNAPanCancer,k.de.lange@umcg.nl,RNA,nvt,,None,Exceptional Prep kit,kim,171113,Passed,Demultiplexing Only,,,Normalized for pooling,none,RPI,ACAGTG,none,homo_sapiens|GRCh37
5047091,2,NB501043,52_1707_RNAPanCancer,171116,0213,AHLF5KAFXX,PE,RPI 04 TGACCA,,RNA_001364,1707_RNAPanCancer,k.de.lange@umcg.nl,RNA,nvt,,None,Exceptional Prep kit,kim,171113,Passed,Demultiplexing Only,,,Normalized for pooling,none,RPI,TGACCA,none,homo_sapiens|GRCh37
5047088,2,NB501043,51_1707_RNAPanCancer,171116,0213,AHLF5KAFXX,PE,RPI 03 TTAGGC,,RNA_001359,1707_RNAPanCancer,k.de.lange@umcg.nl,RNA,nvt,,None,Exceptional Prep kit,kim,171113,Passed,Demultiplexing Only,,,Normalized for pooling,none,RPI,TTAGGC,none,homo_sapiens|GRCh37
5047085,2,NB501043,50_1707_RNAPanCancer,171116,0213,AHLF5KAFXX,PE,RPI 02 CGATGT,,RNA_001345,1707_RNAPanCancer,k.de.lange@umcg.nl,RNA,nvt,,None,Exceptional Prep kit,kim,171113,Passed,Demultiplexing Only,,,Normalized for pooling,none,RPI,CGATGT,none,homo_sapiens|GRCh37
5047082,2,NB501043,49_1707_RNAPanCancer,171116,0213,AHLF5KAFXX,PE,RPI 01 ATCACG,,RNA_001335,1707_RNAPanCancer,k.de.lange@umcg.nl,RNA,nvt,,None,Exceptional Prep kit,kim,171113,Passed,Demultiplexing Only,,,Normalized for pooling,none,RPI,ATCACG,none,homo_sapiens|GRCh37
5047148,3,NB501043,71_1707_RNAPanCancer,171116,0213,AHLF5KAFXX,PE,RPI 27 ATTCCT,,RNA_001397,1707_RNAPanCancer,k.de.lange@umcg.nl,RNA,nvt,,None,Exceptional Prep kit,kim,171113,Passed,Demultiplexing Only,,,Normalized for pooling,none,RPI,ATTCCT,none,homo_sapiens|GRCh37
5047145,3,NB501043,70_1707_RNAPanCancer,171116,0213,AHLF5KAFXX,PE,RPI 25 ACTGAT,,RNA_001396,1707_RNAPanCancer,k.de.lange@umcg.nl,RNA,nvt,,None,Exceptional Prep kit,kim,171113,Passed,Demultiplexing Only,,,Normalized for pooling,none,RPI,ACTGAT,none,homo_sapiens|GRCh37
5047142,3,NB501043,69_1707_RNAPanCancer,171116,0213,AHLF5KAFXX,PE,RPI 23 GAGTGG,,RNA_001395,1707_RNAPanCancer,k.de.lange@umcg.nl,RNA,nvt,,None,Exceptional Prep kit,kim,171113,Passed,Demultiplexing Only,,,Normalized for pooling,none,RPI,GAGTGG,none,homo_sapiens|GRCh37
5047139,3,NB501043,68_1707_RNAPanCancer,171116,0213,AHLF5KAFXX,PE,RPI 22 CGTACG,,RNA_001394,1707_RNAPanCancer,k.de.lange@umcg.nl,RNA,nvt,,None,Exceptional Prep kit,kim,171113,Passed,Demultiplexing Only,,,Normalized for pooling,none,RPI,CGTACG,none,homo_sapiens|GRCh37
5047136,3,NB501043,67_1707_RNAPanCancer,171116,0213,AHLF5KAFXX,PE,RPI 21 GTTTCG,,RNA_001392,1707_RNAPanCancer,k.de.lange@umcg.nl,RNA,nvt,,None,Exceptional Prep kit,kim,171113,Passed,Demultiplexing Only,,,Normalized for pooling,none,RPI,GTTTCG,none,homo_sapiens|GRCh37
5047133,3,NB501043,66_1707_RNAPanCancer,171116,0213,AHLF5KAFXX,PE,RPI 20 GTGGCC,,RNA_001390,1707_RNAPanCancer,k.de.lange@umcg.nl,RNA,nvt,,None,Exceptional Prep kit,kim,171113,Passed,Demultiplexing Only,,,Normalized for pooling,none,RPI,GTGGCC,none,homo_sapiens|GRCh37
5047130,3,NB501043,65_1707_RNAPanCancer,171116,0213,AHLF5KAFXX,PE,RPI 19 GTGAAA,,RNA_001389,1707_RNAPanCancer,k.de.lange@umcg.nl,RNA,nvt,,None,Exceptional Prep kit,kim,171113,Passed,Demultiplexing Only,,,Normalized for pooling,none,RPI,GTGAAA,none,homo_sapiens|GRCh37
5047127,3,NB501043,64_1707_RNAPanCancer,171116,0213,AHLF5KAFXX,PE,RPI 18 GTCCGC,,RNA_001388,1707_RNAPanCancer,k.de.lange@umcg.nl,RNA,nvt,,None,Exceptional Prep kit,kim,171113,Passed,Demultiplexing Only,,,Normalized for pooling,none,RPI,GTCCGC,none,homo_sapiens|GRCh37
5047124,3,NB501043,63_1707_RNAPanCancer,171116,0213,AHLF5KAFXX,PE,RPI 16 CCGTCC,,RNA_001387,1707_RNAPanCancer,k.de.lange@umcg.nl,RNA,nvt,,None,Exceptional Prep kit,kim,171113,Passed,Demultiplexing Only,,,Normalized for pooling,none,RPI,CCGTCC,none,homo_sapiens|GRCh37
5047121,3,NB501043,62_1707_RNAPanCancer,171116,0213,AHLF5KAFXX,PE,RPI 15 ATGTCA,,RNA_001386,1707_RNAPanCancer,k.de.lange@umcg.nl,RNA,nvt,,None,Exceptional Prep kit,kim,171113,Passed,Demultiplexing Only,,,Normalized for pooling,none,RPI,ATGTCA,none,homo_sapiens|GRCh37
5047118,3,NB501043,61_1707_RNAPanCancer,171116,0213,AHLF5KAFXX,PE,RPI 14 AGTTCC,,RNA_001385,1707_RNAPanCancer,k.de.lange@umcg.nl,RNA,nvt,,None,Exceptional Prep kit,kim,171113,Passed,Demultiplexing Only,,,Normalized for pooling,none,RPI,AGTTCC,none,homo_sapiens|GRCh37
5047115,3,NB501043,60_1707_RNAPanCancer,171116,0213,AHLF5KAFXX,PE,RPI 13 AGTCAA,,RNA_001382,1707_RNAPanCancer,k.de.lange@umcg.nl,RNA,nvt,,None,Exceptional Prep kit,kim,171113,Passed,Demultiplexing Only,,,Normalized for pooling,none,RPI,AGTCAA,none,homo_sapiens|GRCh37
5047112,3,NB501043,59_1707_RNAPanCancer,171116,0213,AHLF5KAFXX,PE,RPI 12 CTTGTA,,RNA_001380,1707_RNAPanCancer,k.de.lange@umcg.nl,RNA,nvt,,None,Exceptional Prep kit,kim,171113,Passed,Demultiplexing Only,,,Normalized for pooling,none,RPI,CTTGTA,none,homo_sapiens|GRCh37
5047109,3,NB501043,58_1707_RNAPanCancer,171116,0213,AHLF5KAFXX,PE,RPI 11 GGCTAC,,RNA_001372,1707_RNAPanCancer,k.de.lange@umcg.nl,RNA,nvt,,None,Exceptional Prep kit,kim,171113,Passed,Demultiplexing Only,,,Normalized for pooling,none,RPI,GGCTAC,none,homo_sapiens|GRCh37
5047106,3,NB501043,57_1707_RNAPanCancer,171116,0213,AHLF5KAFXX,PE,RPI 10 TAGCTT,,RNA_001371,1707_RNAPanCancer,k.de.lange@umcg.nl,RNA,nvt,,None,Exceptional Prep kit,kim,171113,Passed,Demultiplexing Only,,,Normalized for pooling,none,RPI,TAGCTT,none,homo_sapiens|GRCh37
5047103,3,NB501043,56_1707_RNAPanCancer,171116,0213,AHLF5KAFXX,PE,RPI 09 GATCAG,,RNA_001370,1707_RNAPanCancer,k.de.lange@umcg.nl,RNA,nvt,,None,Exceptional Prep kit,kim,171113,Passed,Demultiplexing Only,,,Normalized for pooling,none,RPI,GATCAG,none,homo_sapiens|GRCh37
5047100,3,NB501043,55_1707_RNAPanCancer,171116,0213,AHLF5KAFXX,PE,RPI 08 ACTTGA,,RNA_001369,1707_RNAPanCancer,k.de.lange@umcg.nl,RNA,nvt,,None,Exceptional Prep kit,kim,171113,Passed,Demultiplexing Only,,,Normalized for pooling,none,RPI,ACTTGA,none,homo_sapiens|GRCh37
5047097,3,NB501043,54_1707_RNAPanCancer,171116,0213,AHLF5KAFXX,PE,RPI 07 CAGATC,,RNA_001368,1707_RNAPanCancer,k.de.lange@umcg.nl,RNA,nvt,,None,Exceptional Prep kit,kim,171113,Passed,Demultiplexing Only,,,Normalized for pooling,none,RPI,CAGATC,none,homo_sapiens|GRCh37
5047094,3,NB501043,53_1707_RNAPanCancer,171116,0213,AHLF5KAFXX,PE,RPI 05 ACAGTG,,RNA_001365,1707_RNAPanCancer,k.de.lange@umcg.nl,RNA,nvt,,None,Exceptional Prep kit,kim,171113,Passed,Demultiplexing Only,,,Normalized for pooling,none,RPI,ACAGTG,none,homo_sapiens|GRCh37
5047091,3,NB501043,52_1707_RNAPanCancer,171116,0213,AHLF5KAFXX,PE,RPI 04 TGACCA,,RNA_001364,1707_RNAPanCancer,k.de.lange@umcg.nl,RNA,nvt,,None,Exceptional Prep kit,kim,171113,Passed,Demultiplexing Only,,,Normalized for pooling,none,RPI,TGACCA,none,homo_sapiens|GRCh37
5047088,3,NB501043,51_1707_RNAPanCancer,171116,0213,AHLF5KAFXX,PE,RPI 03 TTAGGC,,RNA_001359,1707_RNAPanCancer,k.de.lange@umcg.nl,RNA,nvt,,None,Exceptional Prep kit,kim,171113,Passed,Demultiplexing Only,,,Normalized for pooling,none,RPI,TTAGGC,none,homo_sapiens|GRCh37
5047085,3,NB501043,50_1707_RNAPanCancer,171116,0213,AHLF5KAFXX,PE,RPI 02 CGATGT,,RNA_001345,1707_RNAPanCancer,k.de.lange@umcg.nl,RNA,nvt,,None,Exceptional Prep kit,kim,171113,Passed,Demultiplexing Only,,,Normalized for pooling,none,RPI,CGATGT,none,homo_sapiens|GRCh37
5047082,3,NB501043,49_1707_RNAPanCancer,171116,0213,AHLF5KAFXX,PE,RPI 01 ATCACG,,RNA_001335,1707_RNAPanCancer,k.de.lange@umcg.nl,RNA,nvt,,None,Exceptional Prep kit,kim,171113,Passed,Demultiplexing Only,,,Normalized for pooling,none,RPI,ATCACG,none,homo_sapiens|GRCh37
5047148,4,NB501043,71_1707_RNAPanCancer,171116,0213,AHLF5KAFXX,PE,RPI 27 ATTCCT,,RNA_001397,1707_RNAPanCancer,k.de.lange@umcg.nl,RNA,nvt,,None,Exceptional Prep kit,kim,171113,Passed,Demultiplexing Only,,,Normalized for pooling,none,RPI,ATTCCT,none,homo_sapiens|GRCh37
5047145,4,NB501043,70_1707_RNAPanCancer,171116,0213,AHLF5KAFXX,PE,RPI 25 ACTGAT,,RNA_001396,1707_RNAPanCancer,k.de.lange@umcg.nl,RNA,nvt,,None,Exceptional Prep kit,kim,171113,Passed,Demultiplexing Only,,,Normalized for pooling,none,RPI,ACTGAT,none,homo_sapiens|GRCh37
5047142,4,NB501043,69_1707_RNAPanCancer,171116,0213,AHLF5KAFXX,PE,RPI 23 GAGTGG,,RNA_001395,1707_RNAPanCancer,k.de.lange@umcg.nl,RNA,nvt,,None,Exceptional Prep kit,kim,171113,Passed,Demultiplexing Only,,,Normalized for pooling,none,RPI,GAGTGG,none,homo_sapiens|GRCh37
5047139,4,NB501043,68_1707_RNAPanCancer,171116,0213,AHLF5KAFXX,PE,RPI 22 CGTACG,,RNA_001394,1707_RNAPanCancer,k.de.lange@umcg.nl,RNA,nvt,,None,Exceptional Prep kit,kim,171113,Passed,Demultiplexing Only,,,Normalized for pooling,none,RPI,CGTACG,none,homo_sapiens|GRCh37
5047136,4,NB501043,67_1707_RNAPanCancer,171116,0213,AHLF5KAFXX,PE,RPI 21 GTTTCG,,RNA_001392,1707_RNAPanCancer,k.de.lange@umcg.nl,RNA,nvt,,None,Exceptional Prep kit,kim,171113,Passed,Demultiplexing Only,,,Normalized for pooling,none,RPI,GTTTCG,none,homo_sapiens|GRCh37
5047133,4,NB501043,66_1707_RNAPanCancer,171116,0213,AHLF5KAFXX,PE,RPI 20 GTGGCC,,RNA_001390,1707_RNAPanCancer,k.de.lange@umcg.nl,RNA,nvt,,None,Exceptional Prep kit,kim,171113,Passed,Demultiplexing Only,,,Normalized for pooling,none,RPI,GTGGCC,none,homo_sapiens|GRCh37
5047130,4,NB501043,65_1707_RNAPanCancer,171116,0213,AHLF5KAFXX,PE,RPI 19 GTGAAA,,RNA_001389,1707_RNAPanCancer,k.de.lange@umcg.nl,RNA,nvt,,None,Exceptional Prep kit,kim,171113,Passed,Demultiplexing Only,,,Normalized for pooling,none,RPI,GTGAAA,none,homo_sapiens|GRCh37
5047127,4,NB501043,64_1707_RNAPanCancer,171116,0213,AHLF5KAFXX,PE,RPI 18 GTCCGC,,RNA_001388,1707_RNAPanCancer,k.de.lange@umcg.nl,RNA,nvt,,None,Exceptional Prep kit,kim,171113,Passed,Demultiplexing Only,,,Normalized for pooling,none,RPI,GTCCGC,none,homo_sapiens|GRCh37
5047124,4,NB501043,63_1707_RNAPanCancer,171116,0213,AHLF5KAFXX,PE,RPI 16 CCGTCC,,RNA_001387,1707_RNAPanCancer,k.de.lange@umcg.nl,RNA,nvt,,None,Exceptional Prep kit,kim,171113,Passed,Demultiplexing Only,,,Normalized for pooling,none,RPI,CCGTCC,none,homo_sapiens|GRCh37
5047121,4,NB501043,62_1707_RNAPanCancer,171116,0213,AHLF5KAFXX,PE,RPI 15 ATGTCA,,RNA_001386,1707_RNAPanCancer,k.de.lange@umcg.nl,RNA,nvt,,None,Exceptional Prep kit,kim,171113,Passed,Demultiplexing Only,,,Normalized for pooling,none,RPI,ATGTCA,none,homo_sapiens|GRCh37
5047118,4,NB501043,61_1707_RNAPanCancer,171116,0213,AHLF5KAFXX,PE,RPI 14 AGTTCC,,RNA_001385,1707_RNAPanCancer,k.de.lange@umcg.nl,RNA,nvt,,None,Exceptional Prep kit,kim,171113,Passed,Demultiplexing Only,,,Normalized for pooling,none,RPI,AGTTCC,none,homo_sapiens|GRCh37
5047115,4,NB501043,60_1707_RNAPanCancer,171116,0213,AHLF5KAFXX,PE,RPI 13 AGTCAA,,RNA_001382,1707_RNAPanCancer,k.de.lange@umcg.nl,RNA,nvt,,None,Exceptional Prep kit,kim,171113,Passed,Demultiplexing Only,,,Normalized for pooling,none,RPI,AGTCAA,none,homo_sapiens|GRCh37
5047112,4,NB501043,59_1707_RNAPanCancer,171116,0213,AHLF5KAFXX,PE,RPI 12 CTTGTA,,RNA_001380,1707_RNAPanCancer,k.de.lange@umcg.nl,RNA,nvt,,None,Exceptional Prep kit,kim,171113,Passed,Demultiplexing Only,,,Normalized for pooling,none,RPI,CTTGTA,none,homo_sapiens|GRCh37
5047109,4,NB501043,58_1707_RNAPanCancer,171116,0213,AHLF5KAFXX,PE,RPI 11 GGCTAC,,RNA_001372,1707_RNAPanCancer,k.de.lange@umcg.nl,RNA,nvt,,None,Exceptional Prep kit,kim,171113,Passed,Demultiplexing Only,,,Normalized for pooling,none,RPI,GGCTAC,none,homo_sapiens|GRCh37
5047106,4,NB501043,57_1707_RNAPanCancer,171116,0213,AHLF5KAFXX,PE,RPI 10 TAGCTT,,RNA_001371,1707_RNAPanCancer,k.de.lange@umcg.nl,RNA,nvt,,None,Exceptional Prep kit,kim,171113,Passed,Demultiplexing Only,,,Normalized for pooling,none,RPI,TAGCTT,none,homo_sapiens|GRCh37
5047103,4,NB501043,56_1707_RNAPanCancer,171116,0213,AHLF5KAFXX,PE,RPI 09 GATCAG,,RNA_001370,1707_RNAPanCancer,k.de.lange@umcg.nl,RNA,nvt,,None,Exceptional Prep kit,kim,171113,Passed,Demultiplexing Only,,,Normalized for pooling,none,RPI,GATCAG,none,homo_sapiens|GRCh37
5047100,4,NB501043,55_1707_RNAPanCancer,171116,0213,AHLF5KAFXX,PE,RPI 08 ACTTGA,,RNA_001369,1707_RNAPanCancer,k.de.lange@umcg.nl,RNA,nvt,,None,Exceptional Prep kit,kim,171113,Passed,Demultiplexing Only,,,Normalized for pooling,none,RPI,ACTTGA,none,homo_sapiens|GRCh37
5047097,4,NB501043,54_1707_RNAPanCancer,171116,0213,AHLF5KAFXX,PE,RPI 07 CAGATC,,RNA_001368,1707_RNAPanCancer,k.de.lange@umcg.nl,RNA,nvt,,None,Exceptional Prep kit,kim,171113,Passed,Demultiplexing Only,,,Normalized for pooling,none,RPI,CAGATC,none,homo_sapiens|GRCh37
5047094,4,NB501043,53_1707_RNAPanCancer,171116,0213,AHLF5KAFXX,PE,RPI 05 ACAGTG,,RNA_001365,1707_RNAPanCancer,k.de.lange@umcg.nl,RNA,nvt,,None,Exceptional Prep kit,kim,171113,Passed,Demultiplexing Only,,,Normalized for pooling,none,RPI,ACAGTG,none,homo_sapiens|GRCh37
5047091,4,NB501043,52_1707_RNAPanCancer,171116,0213,AHLF5KAFXX,PE,RPI 04 TGACCA,,RNA_001364,1707_RNAPanCancer,k.de.lange@umcg.nl,RNA,nvt,,None,Exceptional Prep kit,kim,171113,Passed,Demultiplexing Only,,,Normalized for pooling,none,RPI,TGACCA,none,homo_sapiens|GRCh37
5047088,4,NB501043,51_1707_RNAPanCancer,171116,0213,AHLF5KAFXX,PE,RPI 03 TTAGGC,,RNA_001359,1707_RNAPanCancer,k.de.lange@umcg.nl,RNA,nvt,,None,Exceptional Prep kit,kim,171113,Passed,Demultiplexing Only,,,Normalized for pooling,none,RPI,TTAGGC,none,homo_sapiens|GRCh37
5047085,4,NB501043,50_1707_RNAPanCancer,171116,0213,AHLF5KAFXX,PE,RPI 02 CGATGT,,RNA_001345,1707_RNAPanCancer,k.de.lange@umcg.nl,RNA,nvt,,None,Exceptional Prep kit,kim,171113,Passed,Demultiplexing Only,,,Normalized for pooling,none,RPI,CGATGT,none,homo_sapiens|GRCh37
5047082,4,NB501043,49_1707_RNAPanCancer,171116,0213,AHLF5KAFXX,PE,RPI 01 ATCACG,,RNA_001335,1707_RNAPanCancer,k.de.lange@umcg.nl,RNA,nvt,,None,Exceptional Prep kit,kim,171113,Passed,Demultiplexing Only,,,Normalized for pooling,none,RPI,ATCACG,none,homo_sapiens|GRCh37
